{
  "trained_at": "2026-02-27T05:28:05.253778+00:00",
  "data_file": "Nome-Hourly-Data.csv",
  "train_samples": 10383,
  "val_samples": 2596,
  "feature_count": 81,
  "classifier_metrics": {
    "train_samples": 10383,
    "train_positive": 3104,
    "train_auc": 0.9802877894748769,
    "train_brier": 0.09581715436949548,
    "train_precision": 0.8987596379483741,
    "train_recall": 0.8637242268041238,
    "val_samples": 2596,
    "val_positive": 859,
    "val_auc": 0.9579514008268977,
    "val_brier": 0.12751373719827236,
    "val_precision": 0.8060344827586207,
    "val_recall": 0.8707799767171129,
    "top_features": {
      "pm10_lag_1h": 0.6531,
      "pm10_max_3h": 0.1018,
      "pm10_mean_3h": 0.0341,
      "hour_cos": 0.0123,
      "pm10_lag_2h": 0.0113,
      "pm10_mean_24h": 0.0101,
      "pm10_trend_3h": 0.0097,
      "pm10_trend_6h": 0.0086,
      "pm_ratio": 0.0076,
      "humidity": 0.0072,
      "pm10_anomaly": 0.0067,
      "pm10_std_3h": 0.0057,
      "temp_lag_24h": 0.0052,
      "temp_change_6h": 0.0051,
      "hour_sin": 0.005
    }
  },
  "regressor_metrics": {
    "train_samples": 10383,
    "train_mae": 13.824497666729567,
    "train_rmse": 36.81610171212022,
    "train_coverage": 0.8083405566791871,
    "val_samples": 2596,
    "val_mae": 21.420200823452458,
    "val_rmse": 58.18166223476404,
    "val_coverage": 0.7996918335901386
  }
}